[
  {
    "id": "46575b6c-6893-4a75-82cb-f21a650f02f7",
    "data": [
      {
        "text": "как читать книги",
        "userDefined": false
      }
    ],
    "isTemplate": false,
    "count": 0,
    "lang": "ru",
    "updated": 0
  },
  {
    "data": [
      {
        "text": "как читать книги?",
        "userDefined": false
      }
    ],
    "isTemplate": false,
    "count": 0,
    "lang": "ru",
    "updated": 0
  },
  {
    "data": [
      {
        "text": "подскажешь принципы чтения книг?",
        "userDefined": false
      }
    ],
    "isTemplate": false,
    "count": 0,
    "lang": "ru",
    "updated": 0
  }
]