[
  {
    "id": "e0adf72d-5d27-4929-8b8b-85b016928dbc",
    "data": [
      {
        "text": "отличная работа",
        "userDefined": false
      }
    ],
    "isTemplate": false,
    "count": 0,
    "lang": "ru",
    "updated": 0
  },
  {
    "id": "04a1a920-0a0d-4531-ba6b-8b2643c4e512",
    "data": [
      {
        "text": "молодчина",
        "userDefined": false
      }
    ],
    "isTemplate": false,
    "count": 0,
    "lang": "ru",
    "updated": 0
  },
  {
    "id": "92dd5b25-da93-44b5-9729-4824276dec4f",
    "data": [
      {
        "text": "молодец",
        "userDefined": false
      }
    ],
    "isTemplate": false,
    "count": 0,
    "lang": "ru",
    "updated": 0
  },
  {
    "id": "00670cb5-96b8-4119-b54a-a839601cf24f",
    "data": [
      {
        "text": "прекрасная работа",
        "userDefined": false
      }
    ],
    "isTemplate": false,
    "count": 0,
    "lang": "ru",
    "updated": 0
  },
  {
    "id": "4a8771f0-45c1-42f2-91fe-32ba0cad51cf",
    "data": [
      {
        "text": "прекрано сработано",
        "userDefined": false
      }
    ],
    "isTemplate": false,
    "count": 0,
    "lang": "ru",
    "updated": 0
  },
  {
    "id": "04ae768b-73b5-4f06-95dc-3b0d057111ee",
    "data": [
      {
        "text": "браво",
        "userDefined": false
      }
    ],
    "isTemplate": false,
    "count": 0,
    "lang": "ru",
    "updated": 0
  },
  {
    "id": "cf505703-a735-48de-b1c0-c7831082d67d",
    "data": [
      {
        "text": "хорошая работа",
        "userDefined": false
      }
    ],
    "isTemplate": false,
    "count": 0,
    "lang": "ru",
    "updated": 0
  },
  {
    "id": "59f7a327-c2d0-4d48-b5b7-a5b2daf9445f",
    "data": [
      {
        "text": "чудесная работа",
        "userDefined": false
      }
    ],
    "isTemplate": false,
    "count": 0,
    "lang": "ru",
    "updated": 0
  },
  {
    "id": "3cb17854-aa6c-402c-9664-10eadc97251d",
    "data": [
      {
        "text": "так держать",
        "userDefined": false
      }
    ],
    "isTemplate": false,
    "count": 0,
    "lang": "ru",
    "updated": 0
  },
  {
    "id": "4ea4a44b-3a06-4cc4-a45f-813a0a10b6e9",
    "data": [
      {
        "text": "хорошо сработано",
        "userDefined": false
      }
    ],
    "isTemplate": false,
    "count": 0,
    "lang": "ru",
    "updated": 0
  }
]