[
  {
    "id": "290576f6-1387-4dfb-ad8a-94c9821231dc",
    "data": [
      {
        "text": "чувствую одиночество",
        "userDefined": false
      }
    ],
    "isTemplate": false,
    "count": 0,
    "lang": "ru",
    "updated": 0
  },
  {
    "id": "464b6eb1-a04b-42ae-9b71-2b7dd549de68",
    "data": [
      {
        "text": "я ощущаю себя одиноким",
        "userDefined": false
      }
    ],
    "isTemplate": false,
    "count": 0,
    "lang": "ru",
    "updated": 0
  },
  {
    "id": "0ed4c3a7-e8e2-4d7a-9814-a90a5adbf88a",
    "data": [
      {
        "text": "мне одиноко",
        "userDefined": false
      }
    ],
    "isTemplate": false,
    "count": 0,
    "lang": "ru",
    "updated": 0
  },
  {
    "id": "1557642b-3602-4ef6-a5cc-35729a489bd5",
    "data": [
      {
        "text": "я чувствую себя одиноким",
        "userDefined": false
      }
    ],
    "isTemplate": false,
    "count": 0,
    "lang": "ru",
    "updated": 0
  },
  {
    "id": "b0888bc1-8096-4013-b6d1-c94c82cba3aa",
    "data": [
      {
        "text": "мне так одиноко",
        "userDefined": false
      }
    ],
    "isTemplate": false,
    "count": 0,
    "lang": "ru",
    "updated": 0
  },
  {
    "id": "154e41ad-eece-4ad7-88dc-47538efaae97",
    "data": [
      {
        "text": "мне действительно одиноко",
        "userDefined": false
      }
    ],
    "isTemplate": false,
    "count": 0,
    "lang": "ru",
    "updated": 0
  },
  {
    "id": "b45f02b8-a9cd-4d8d-bcbf-f76d365b8004",
    "data": [
      {
        "text": "я чувствую себя таким одиноким",
        "userDefined": false
      }
    ],
    "isTemplate": false,
    "count": 0,
    "lang": "ru",
    "updated": 0
  },
  {
    "id": "99ceafed-6419-411a-b739-1df6d1cbdb94",
    "data": [
      {
        "text": "чувствую себя одиноко",
        "userDefined": false
      }
    ],
    "isTemplate": false,
    "count": 0,
    "lang": "ru",
    "updated": 0
  }
]