[
  {
    "id": "f6390c58-183c-4ca7-a364-611ec6fdbc69",
    "data": [
      {
        "text": "Надо ли становиться завучем, чтобы расти",
        "userDefined": false
      }
    ],
    "isTemplate": false,
    "count": 7,
    "lang": "ru",
    "updated": 0
  },
  {
    "data": [
      {
        "text": "А ты не знаешь, приветствовать людей этим словом: это прилично?",
        "userDefined": false
      }
    ],
    "isTemplate": false,
    "count": 0,
    "lang": "ru",
    "updated": 0
  },
  {
    "data": [
      {
        "text": "Коррекция: фолбэк",
        "userDefined": false
      }
    ],
    "isTemplate": false,
    "count": 0,
    "lang": "ru",
    "updated": 0
  },
  {
    "data": [
      {
        "text": "Коррекция: БотАндрей, это чтобы все помнили, что я всего лишь алгоритм, но можно и по простому: БотАн или Андрейка, но это если совсем подружимся.",
        "userDefined": false
      }
    ],
    "isTemplate": false,
    "count": 0,
    "lang": "ru",
    "updated": 0
  },
  {
    "data": [
      {
        "text": "Много людей с тобой общались?",
        "userDefined": false
      }
    ],
    "isTemplate": false,
    "count": 0,
    "lang": "ru",
    "updated": 0
  },
  {
    "data": [
      {
        "text": "Ты делишься ссылками из интернет?",
        "userDefined": false
      }
    ],
    "isTemplate": false,
    "count": 1,
    "lang": "ru",
    "updated": 0
  }
]