[
  {
    "id": "33f938ca-17de-4f95-bafd-574e3fc33220",
    "data": [
      {
        "text": "нам пора спать?",
        "userDefined": false
      }
    ],
    "isTemplate": false,
    "count": 0,
    "lang": "ru",
    "updated": 0
  },
  {
    "data": [
      {
        "text": "нам ",
        "userDefined": false
      },
      {
        "text": "прора",
        "meta": "@sys.location",
        "alias": "location",
        "userDefined": false
      },
      {
        "text": " спать?",
        "userDefined": false
      }
    ],
    "isTemplate": false,
    "count": 0,
    "lang": "ru",
    "updated": 0
  }
]