[
  {
    "id": "0e4e1f03-92f0-4fcb-be76-46f39795fe89",
    "data": [
      {
        "text": "ты меня рассмешил",
        "userDefined": false
      }
    ],
    "isTemplate": false,
    "count": 2,
    "lang": "ru",
    "updated": 0
  },
  {
    "id": "d4d38af1-6e8e-43bf-8041-84e56414f0b7",
    "data": [
      {
        "text": "очень смешно",
        "userDefined": false
      }
    ],
    "isTemplate": false,
    "count": 0,
    "lang": "ru",
    "updated": 0
  },
  {
    "id": "acfff648-dc85-4aad-b5e8-681ba159976d",
    "data": [
      {
        "text": "lol",
        "userDefined": false
      }
    ],
    "isTemplate": false,
    "count": 0,
    "lang": "ru",
    "updated": 0
  },
  {
    "id": "6f09aa2d-9d51-4743-8b5d-229fb1351f50",
    "data": [
      {
        "text": "вот умора",
        "userDefined": false
      }
    ],
    "isTemplate": false,
    "count": 0,
    "lang": "ru",
    "updated": 0
  },
  {
    "id": "3704aeb0-8eca-478a-94b8-6020abec1173",
    "data": [
      {
        "text": "хаха",
        "userDefined": false
      }
    ],
    "isTemplate": false,
    "count": 0,
    "lang": "ru",
    "updated": 0
  },
  {
    "id": "3a465e3f-66d4-411e-afa2-226787dc7c5a",
    "data": [
      {
        "text": "лол",
        "userDefined": false
      }
    ],
    "isTemplate": false,
    "count": 0,
    "lang": "ru",
    "updated": 0
  },
  {
    "id": "3127c1eb-58f7-44dd-a4dd-c10be018584e",
    "data": [
      {
        "text": "ахаха лол",
        "userDefined": false
      }
    ],
    "isTemplate": false,
    "count": 0,
    "lang": "ru",
    "updated": 0
  },
  {
    "id": "bcbc1c5d-36e9-4f1e-8a71-8e11438aff4e",
    "data": [
      {
        "text": "смешно",
        "userDefined": false
      }
    ],
    "isTemplate": false,
    "count": 0,
    "lang": "ru",
    "updated": 0
  },
  {
    "id": "865aba47-c580-43a5-be1e-ce6d633c0d52",
    "data": [
      {
        "text": "это смешно",
        "userDefined": false
      }
    ],
    "isTemplate": false,
    "count": 0,
    "lang": "ru",
    "updated": 0
  },
  {
    "id": "5e99da96-2dc0-4ed0-bc02-c1d550289dee",
    "data": [
      {
        "text": "ха",
        "userDefined": false
      }
    ],
    "isTemplate": false,
    "count": 1,
    "lang": "ru",
    "updated": 0
  },
  {
    "id": "db07c57a-f346-46be-97ef-ed5fc18a7553",
    "data": [
      {
        "text": "ха ха ха",
        "userDefined": false
      }
    ],
    "isTemplate": false,
    "count": 0,
    "lang": "ru",
    "updated": 0
  },
  {
    "id": "38e5b1ab-c127-4760-a473-904d9185f1f0",
    "data": [
      {
        "text": "ахах",
        "userDefined": false
      }
    ],
    "isTemplate": false,
    "count": 0,
    "lang": "ru",
    "updated": 0
  },
  {
    "id": "0a4e21a2-8783-4e49-a78b-25d444ad82f6",
    "data": [
      {
        "text": "ахаха",
        "userDefined": false
      }
    ],
    "isTemplate": false,
    "count": 0,
    "lang": "ru",
    "updated": 0
  },
  {
    "id": "6cc9ca8e-882c-42ee-b815-9995ce675678",
    "data": [
      {
        "text": "ха ха очень забавно",
        "userDefined": false
      }
    ],
    "isTemplate": false,
    "count": 1,
    "lang": "ru",
    "updated": 0
  },
  {
    "id": "aceb6da1-4be6-4991-b635-73ba5adde97e",
    "data": [
      {
        "text": "забавно",
        "userDefined": false
      }
    ],
    "isTemplate": false,
    "count": 1,
    "lang": "ru",
    "updated": 0
  },
  {
    "id": "1e166869-d2fe-4297-8b12-2897e6ae35ff",
    "data": [
      {
        "text": "хехехе",
        "userDefined": false
      }
    ],
    "isTemplate": false,
    "count": 0,
    "lang": "ru",
    "updated": 0
  },
  {
    "id": "0823d695-e573-4918-977b-7b4cdb7c75ef",
    "data": [
      {
        "text": "хе хе",
        "userDefined": false
      }
    ],
    "isTemplate": false,
    "count": 1,
    "lang": "ru",
    "updated": 0
  },
  {
    "id": "7456babf-6810-4cd3-80c2-9f80d18b20d9",
    "data": [
      {
        "text": "лол нет",
        "userDefined": false
      }
    ],
    "isTemplate": false,
    "count": 0,
    "lang": "ru",
    "updated": 0
  },
  {
    "id": "3d6aad4c-a450-45bd-998b-903d2997aaf4",
    "data": [
      {
        "text": "хах",
        "userDefined": false
      }
    ],
    "isTemplate": false,
    "count": 0,
    "lang": "ru",
    "updated": 0
  }
]