[
  {
    "id": "688c3648-430d-44b3-832d-a111e5ea5579",
    "data": [
      {
        "text": "Что угодно",
        "meta": "@sys.any",
        "alias": "answer",
        "userDefined": true
      }
    ],
    "isTemplate": false,
    "count": 0,
    "lang": "ru",
    "updated": 0
  },
  {
    "id": "9efea2ee-6d57-4397-ad2a-1bf2ba9b5f3a",
    "data": [
      {
        "text": "nick",
        "meta": "@UserNick",
        "alias": "UserNick",
        "userDefined": true
      }
    ],
    "isTemplate": false,
    "count": 0,
    "lang": "ru",
    "updated": 0
  },
  {
    "id": "85042ffd-d55d-4244-8c42-dabb62a61563",
    "data": [
      {
        "text": "name",
        "meta": "@UserNames",
        "alias": "UserNames",
        "userDefined": true
      }
    ],
    "isTemplate": false,
    "count": 0,
    "lang": "ru",
    "updated": 0
  }
]