[
  {
    "id": "0bd3f04c-a577-4c52-bf8b-0bef9754157d",
    "data": [
      {
        "text": "что тут происходит",
        "userDefined": false
      }
    ],
    "isTemplate": false,
    "count": 0,
    "lang": "ru",
    "updated": 0
  },
  {
    "id": "23775e6e-d99f-4c65-a2cc-389ad2d2506c",
    "data": [
      {
        "text": "что тут происходит?",
        "userDefined": false
      }
    ],
    "isTemplate": false,
    "count": 1,
    "lang": "ru",
    "updated": 0
  }
]