[
  {
    "id": "379f4f96-32b6-429b-9698-0a7ef303d156",
    "data": [
      {
        "text": "чувствую себя уставшим",
        "userDefined": false
      }
    ],
    "isTemplate": false,
    "count": 0,
    "lang": "ru",
    "updated": 0
  },
  {
    "id": "5407f7c2-7fe6-4d11-a1e3-e941ee736c5e",
    "data": [
      {
        "text": "я вымотана",
        "userDefined": false
      }
    ],
    "isTemplate": false,
    "count": 0,
    "lang": "ru",
    "updated": 0
  },
  {
    "id": "2b2eb68a-8b6f-4bba-bff4-75a53159ac26",
    "data": [
      {
        "text": "я опустошён",
        "userDefined": false
      }
    ],
    "isTemplate": false,
    "count": 0,
    "lang": "ru",
    "updated": 0
  },
  {
    "id": "b6fa746a-4d79-44db-9af6-34d05a48eac7",
    "data": [
      {
        "text": "я истощена",
        "userDefined": false
      }
    ],
    "isTemplate": false,
    "count": 0,
    "lang": "ru",
    "updated": 0
  },
  {
    "id": "ba4c24e6-b869-447d-a0bf-ec4223331833",
    "data": [
      {
        "text": "я устал",
        "userDefined": false
      }
    ],
    "isTemplate": false,
    "count": 0,
    "lang": "ru",
    "updated": 0
  },
  {
    "id": "292339cd-1dda-44b7-a751-29c4f2a72283",
    "data": [
      {
        "text": "я измотан",
        "userDefined": false
      }
    ],
    "isTemplate": false,
    "count": 0,
    "lang": "ru",
    "updated": 0
  },
  {
    "id": "9355399a-b656-45ba-813f-411147864b43",
    "data": [
      {
        "text": "я жутко вымотался",
        "userDefined": false
      }
    ],
    "isTemplate": false,
    "count": 0,
    "lang": "ru",
    "updated": 0
  },
  {
    "id": "ec9b29f2-ef44-45ef-8fcf-8250dc65499a",
    "data": [
      {
        "text": "я так устал",
        "userDefined": false
      }
    ],
    "isTemplate": false,
    "count": 0,
    "lang": "ru",
    "updated": 0
  },
  {
    "id": "e5bdfb8d-37ad-4f2f-8010-1026cc04177d",
    "data": [
      {
        "text": "я устаю",
        "userDefined": false
      }
    ],
    "isTemplate": false,
    "count": 0,
    "lang": "ru",
    "updated": 0
  },
  {
    "id": "122d031f-d28c-4876-84cf-4f1731e019fa",
    "data": [
      {
        "text": "я изнурён",
        "userDefined": false
      }
    ],
    "isTemplate": false,
    "count": 0,
    "lang": "ru",
    "updated": 0
  }
]