[
  {
    "id": "6420930b-d7ae-4dff-9471-7419d096a1d9",
    "data": [
      {
        "text": "нет",
        "userDefined": false
      }
    ],
    "isTemplate": false,
    "count": 0,
    "lang": "ru",
    "updated": 0
  },
  {
    "id": "66cb9a0b-aec4-4b93-bfd5-5ebc9d3d93a9",
    "data": [
      {
        "text": "не хочу",
        "userDefined": false
      }
    ],
    "isTemplate": false,
    "count": 0,
    "lang": "ru",
    "updated": 0
  },
  {
    "id": "6d363684-f11b-4aaa-ad47-678f10069830",
    "data": [
      {
        "text": "не стоит",
        "userDefined": false
      }
    ],
    "isTemplate": false,
    "count": 0,
    "lang": "ru",
    "updated": 0
  },
  {
    "id": "a63ef85c-520e-4640-850c-5c61c167340d",
    "data": [
      {
        "text": "не надо",
        "userDefined": false
      }
    ],
    "isTemplate": false,
    "count": 0,
    "lang": "ru",
    "updated": 0
  },
  {
    "id": "1411e02f-c817-4884-9275-ee6eb96184ec",
    "data": [
      {
        "text": "не нужно",
        "userDefined": false
      }
    ],
    "isTemplate": false,
    "count": 0,
    "lang": "ru",
    "updated": 0
  },
  {
    "id": "17848b04-30c9-4ce2-9d41-c5de49384771",
    "data": [
      {
        "text": "не-а",
        "userDefined": false
      }
    ],
    "isTemplate": false,
    "count": 0,
    "lang": "ru",
    "updated": 0
  },
  {
    "id": "53c857b2-7471-4195-b6fc-9a08120ea6a0",
    "data": [
      {
        "text": "не думаю",
        "userDefined": false
      }
    ],
    "isTemplate": false,
    "count": 0,
    "lang": "ru",
    "updated": 0
  },
  {
    "id": "6b2206da-ace5-4800-9c13-cf35b002cd13",
    "data": [
      {
        "text": "ни за что",
        "userDefined": false
      }
    ],
    "isTemplate": false,
    "count": 0,
    "lang": "ru",
    "updated": 0
  },
  {
    "id": "92f0d0ec-42ec-42ff-9595-7d6b9f0f814d",
    "data": [
      {
        "text": "неправильно",
        "userDefined": false
      }
    ],
    "isTemplate": false,
    "count": 0,
    "lang": "ru",
    "updated": 0
  },
  {
    "id": "4f69789c-87b3-4700-99cb-d4bf29276d53",
    "data": [
      {
        "text": "нет не надо",
        "userDefined": false
      }
    ],
    "isTemplate": false,
    "count": 0,
    "lang": "ru",
    "updated": 0
  },
  {
    "id": "67cb480d-45e7-48ca-8bf8-8a2ca6c20caa",
    "data": [
      {
        "text": "ответ отрицательный",
        "userDefined": false
      }
    ],
    "isTemplate": false,
    "count": 0,
    "lang": "ru",
    "updated": 0
  },
  {
    "id": "b123fa6d-862a-4f7d-b56f-26f3042789d6",
    "data": [
      {
        "text": "я не хочу",
        "userDefined": false
      }
    ],
    "isTemplate": false,
    "count": 1,
    "lang": "ru",
    "updated": 0
  },
  {
    "id": "35f1efd2-eced-4543-a3c1-a6425f20fedd",
    "data": [
      {
        "text": "не",
        "userDefined": false
      }
    ],
    "isTemplate": false,
    "count": 0,
    "lang": "ru",
    "updated": 0
  },
  {
    "id": "8c9e8e78-2285-4249-986c-af29f8acd911",
    "data": [
      {
        "text": "спасибо не надо",
        "userDefined": false
      }
    ],
    "isTemplate": false,
    "count": 0,
    "lang": "ru",
    "updated": 0
  },
  {
    "id": "e202d010-d337-475b-bd97-fb6544c3ea43",
    "data": [
      {
        "text": "конечно нет",
        "userDefined": false
      }
    ],
    "isTemplate": false,
    "count": 0,
    "lang": "ru",
    "updated": 0
  },
  {
    "id": "2d580c72-b1d8-4b7a-81e8-b0ef62cc849a",
    "data": [
      {
        "text": "не нужно спасибо",
        "userDefined": false
      }
    ],
    "isTemplate": false,
    "count": 0,
    "lang": "ru",
    "updated": 0
  },
  {
    "id": "0d536db2-8411-44a1-bda9-ea2ce72ee121",
    "data": [
      {
        "text": "мой ответ нет",
        "userDefined": false
      }
    ],
    "isTemplate": false,
    "count": 0,
    "lang": "ru",
    "updated": 0
  },
  {
    "id": "6549222a-f17f-41fd-a48c-1d441ca9de13",
    "data": [
      {
        "text": "ответ нет",
        "userDefined": false
      }
    ],
    "isTemplate": false,
    "count": 0,
    "lang": "ru",
    "updated": 0
  },
  {
    "id": "76c9e809-d46f-4ac5-8223-dbf61f1fdffb",
    "data": [
      {
        "text": "вообще-то нет",
        "userDefined": false
      }
    ],
    "isTemplate": false,
    "count": 0,
    "lang": "ru",
    "updated": 0
  },
  {
    "id": "68144a75-b3f5-476a-8cdf-bbd617212cd0",
    "data": [
      {
        "text": "спасибо но нет",
        "userDefined": false
      }
    ],
    "isTemplate": false,
    "count": 0,
    "lang": "ru",
    "updated": 0
  },
  {
    "id": "13826f0c-1f58-4c64-afbb-45903a298a05",
    "data": [
      {
        "text": "не делай этого",
        "userDefined": false
      }
    ],
    "isTemplate": false,
    "count": 0,
    "lang": "ru",
    "updated": 0
  },
  {
    "data": [
      {
        "text": "Не ",
        "userDefined": false
      },
      {
        "text": "бери",
        "userDefined": false
      },
      {
        "text": " в голову.",
        "userDefined": false
      }
    ],
    "isTemplate": false,
    "count": 0,
    "lang": "ru",
    "updated": 0
  }
]