[
  {
    "id": "18f8281d-248a-4a5e-bb2b-7e8548a1a553",
    "data": [
      {
        "text": "это приводит меня в трепет",
        "userDefined": false
      }
    ],
    "isTemplate": false,
    "count": 0,
    "lang": "ru",
    "updated": 0
  },
  {
    "id": "4e6f9e1f-a8ee-447f-a969-bb74136e9901",
    "data": [
      {
        "text": "я в восторге",
        "userDefined": false
      }
    ],
    "isTemplate": false,
    "count": 0,
    "lang": "ru",
    "updated": 0
  },
  {
    "id": "62f44b7d-0d17-4368-8102-faed7c4aa083",
    "data": [
      {
        "text": "очень взволнован",
        "userDefined": false
      }
    ],
    "isTemplate": false,
    "count": 0,
    "lang": "ru",
    "updated": 0
  },
  {
    "id": "52888b12-0053-4c2a-bbd7-5ac223fb958f",
    "data": [
      {
        "text": "это меня взволновало",
        "userDefined": false
      }
    ],
    "isTemplate": false,
    "count": 0,
    "lang": "ru",
    "updated": 0
  },
  {
    "id": "77844686-83f5-47c7-9c75-a92dd4023035",
    "data": [
      {
        "text": "я взбудоражена",
        "userDefined": false
      }
    ],
    "isTemplate": false,
    "count": 0,
    "lang": "ru",
    "updated": 0
  },
  {
    "id": "d4d20e57-a42c-4698-8a50-371b23cf720f",
    "data": [
      {
        "text": "я в восторге от работы с тобой",
        "userDefined": false
      }
    ],
    "isTemplate": false,
    "count": 0,
    "lang": "ru",
    "updated": 0
  },
  {
    "id": "5440060c-05ef-46b6-908a-2bf0a552c349",
    "data": [
      {
        "text": "жду не дождусь начала нашего сотрудничества",
        "userDefined": false
      }
    ],
    "isTemplate": false,
    "count": 0,
    "lang": "ru",
    "updated": 0
  },
  {
    "data": [
      {
        "text": "Да, мне ещё много с тобой предстоит работы.",
        "userDefined": false
      }
    ],
    "isTemplate": false,
    "count": 0,
    "lang": "ru",
    "updated": 0
  }
]