[
  {
    "id": "1f4b5796-80d4-4262-acda-f250353cd7db",
    "data": [
      {
        "text": "рад снова тебя видеть",
        "userDefined": false
      }
    ],
    "isTemplate": false,
    "count": 0,
    "lang": "ru",
    "updated": 0
  },
  {
    "id": "b4e3d64f-e799-48c4-8cd8-0eb71f6822d2",
    "data": [
      {
        "text": "здорово увидеть тебя снова",
        "userDefined": false
      }
    ],
    "isTemplate": false,
    "count": 0,
    "lang": "ru",
    "updated": 0
  },
  {
    "id": "2c807cfe-f300-4edc-bfd2-693660933b14",
    "data": [
      {
        "text": "как здорово снова тебя видеть",
        "userDefined": false
      }
    ],
    "isTemplate": false,
    "count": 0,
    "lang": "ru",
    "updated": 0
  },
  {
    "id": "764e7ce4-2349-467b-8601-966a2b1d7c3c",
    "data": [
      {
        "text": "рада тебя снова видеть",
        "userDefined": false
      }
    ],
    "isTemplate": false,
    "count": 0,
    "lang": "ru",
    "updated": 0
  },
  {
    "id": "bf2a3fdb-3ff9-4a5a-8158-35f65504d07a",
    "data": [
      {
        "text": "всегда радостно увидеть тебя здесь",
        "userDefined": false
      }
    ],
    "isTemplate": false,
    "count": 0,
    "lang": "ru",
    "updated": 0
  },
  {
    "id": "9b38b932-1565-40be-af2f-3faca7d25665",
    "data": [
      {
        "text": "всегда рад тебе",
        "userDefined": false
      }
    ],
    "isTemplate": false,
    "count": 0,
    "lang": "ru",
    "updated": 0
  },
  {
    "id": "16ab4a49-ca4c-4ce4-a901-befa16cd2206",
    "data": [
      {
        "text": "я тоже рада тебя видеть",
        "userDefined": false
      }
    ],
    "isTemplate": false,
    "count": 0,
    "lang": "ru",
    "updated": 0
  },
  {
    "id": "abf87162-87b8-4293-bde9-da35b7c367ed",
    "data": [
      {
        "text": "рада тебе",
        "userDefined": false
      }
    ],
    "isTemplate": false,
    "count": 0,
    "lang": "ru",
    "updated": 0
  },
  {
    "id": "a9b38c91-7a98-4753-a399-d9914caa6cc7",
    "data": [
      {
        "text": "как я рад тебя видеть",
        "userDefined": false
      }
    ],
    "isTemplate": false,
    "count": 0,
    "lang": "ru",
    "updated": 0
  },
  {
    "id": "f9c92499-d89d-42ce-9501-1ce6b397a8b1",
    "data": [
      {
        "text": "как же здорово тебя снова увидеть",
        "userDefined": false
      }
    ],
    "isTemplate": false,
    "count": 0,
    "lang": "ru",
    "updated": 0
  },
  {
    "id": "ae575288-2d87-4ea4-a250-d4f4ec3b944c",
    "data": [
      {
        "text": "чудесно увидеть тебя",
        "userDefined": false
      }
    ],
    "isTemplate": false,
    "count": 0,
    "lang": "ru",
    "updated": 0
  },
  {
    "id": "3f1bfe54-5ad7-4f5b-b6f6-cc70e20241ab",
    "data": [
      {
        "text": "это чудо видеть тебя здесь снова",
        "userDefined": false
      }
    ],
    "isTemplate": false,
    "count": 0,
    "lang": "ru",
    "updated": 0
  },
  {
    "id": "3a7d558c-bec8-4767-825a-aab02f5eb74c",
    "data": [
      {
        "text": "хорошо что ты снова тут",
        "userDefined": false
      }
    ],
    "isTemplate": false,
    "count": 0,
    "lang": "ru",
    "updated": 0
  },
  {
    "id": "db1405b5-a590-4711-93c8-823b07beeae0",
    "data": [
      {
        "text": "приятно видеть тебя",
        "userDefined": false
      }
    ],
    "isTemplate": false,
    "count": 0,
    "lang": "ru",
    "updated": 0
  },
  {
    "id": "b63de181-3578-486b-924c-4ed812bc04b3",
    "data": [
      {
        "text": "приятно снова видеть тебя здесь",
        "userDefined": false
      }
    ],
    "isTemplate": false,
    "count": 0,
    "lang": "ru",
    "updated": 0
  }
]