[
  {
    "id": "a203a593-2712-4068-8d7d-74d1defa9b96",
    "data": [
      {
        "text": "Я хочу инстаграмм-канал",
        "userDefined": false
      }
    ],
    "isTemplate": false,
    "count": 1,
    "lang": "ru",
    "updated": 0
  },
  {
    "id": "714a043c-4790-4838-b84f-a47d0265c372",
    "data": [
      {
        "text": "Я хочу канал",
        "userDefined": false
      }
    ],
    "isTemplate": false,
    "count": 0,
    "lang": "ru",
    "updated": 0
  }
]