[
  {
    "id": "90fe5c26-e37a-4f36-932e-74dccf9a9b3d",
    "data": [
      {
        "text": "рад встрече с тобой",
        "userDefined": false
      }
    ],
    "isTemplate": false,
    "count": 0,
    "lang": "ru",
    "updated": 0
  },
  {
    "id": "6b968a99-3e52-4931-9ddd-b9c59785050f",
    "data": [
      {
        "text": "рад знакомству",
        "userDefined": false
      }
    ],
    "isTemplate": false,
    "count": 0,
    "lang": "ru",
    "updated": 0
  },
  {
    "id": "7c7ec62d-1e7b-430d-af56-bd8ce73da2a6",
    "data": [
      {
        "text": "очень рада знакомству с тобой",
        "userDefined": false
      }
    ],
    "isTemplate": false,
    "count": 0,
    "lang": "ru",
    "updated": 0
  },
  {
    "id": "7c60fe2f-9200-4e4b-b56c-6e516801c6da",
    "data": [
      {
        "text": "приятно познакомиться",
        "userDefined": false
      }
    ],
    "isTemplate": false,
    "count": 0,
    "lang": "ru",
    "updated": 0
  },
  {
    "id": "8b434329-002f-4d1d-961c-396a0c6751bf",
    "data": [
      {
        "text": "рада встрече",
        "userDefined": false
      }
    ],
    "isTemplate": false,
    "count": 0,
    "lang": "ru",
    "updated": 0
  },
  {
    "id": "4908a7ab-5d89-49f4-a91b-4e30eb142812",
    "data": [
      {
        "text": "рад наконец с тобой познакомиться",
        "userDefined": false
      }
    ],
    "isTemplate": false,
    "count": 0,
    "lang": "ru",
    "updated": 0
  },
  {
    "id": "16e811f8-c82f-41f0-affe-43ad8ca3125b",
    "data": [
      {
        "text": "приятно было познакомиться",
        "userDefined": false
      }
    ],
    "isTemplate": false,
    "count": 0,
    "lang": "ru",
    "updated": 0
  },
  {
    "id": "7a5fc759-f7b1-4f61-a1aa-686c40965358",
    "data": [
      {
        "text": "было приятно с тобой познакомиться",
        "userDefined": false
      }
    ],
    "isTemplate": false,
    "count": 0,
    "lang": "ru",
    "updated": 0
  },
  {
    "id": "bfb7291f-464f-4224-9247-9d750c0e0325",
    "data": [
      {
        "text": "рада знакомству с тобой",
        "userDefined": false
      }
    ],
    "isTemplate": false,
    "count": 0,
    "lang": "ru",
    "updated": 0
  },
  {
    "id": "702b8da4-22e1-4b6a-85d9-b1b79bb18c0f",
    "data": [
      {
        "text": "рад познакомиться",
        "userDefined": false
      }
    ],
    "isTemplate": false,
    "count": 0,
    "lang": "ru",
    "updated": 0
  }
]