[
  {
    "id": "a132899f-8e88-4fb2-8a6f-1972cdf06c80",
    "data": [
      {
        "text": "хочу обняться",
        "userDefined": false
      }
    ],
    "isTemplate": false,
    "count": 0,
    "lang": "ru",
    "updated": 0
  },
  {
    "id": "38a6a0ba-8238-42a4-8299-0acdb0a11b5c",
    "data": [
      {
        "text": "можно тебя обнять",
        "userDefined": false
      }
    ],
    "isTemplate": false,
    "count": 0,
    "lang": "ru",
    "updated": 0
  },
  {
    "id": "c4c7c25b-0c7a-4e4c-aec7-391ab94f6dfc",
    "data": [
      {
        "text": "можешь обнять меня",
        "userDefined": false
      }
    ],
    "isTemplate": false,
    "count": 0,
    "lang": "ru",
    "updated": 0
  },
  {
    "id": "cf7aec90-8f18-4179-b486-7dbb911a3425",
    "data": [
      {
        "text": "подари мне твоё объятие",
        "userDefined": false
      }
    ],
    "isTemplate": false,
    "count": 0,
    "lang": "ru",
    "updated": 0
  },
  {
    "id": "97a0b297-4177-4351-b5e3-50854d8fc761",
    "data": [
      {
        "text": "обними",
        "userDefined": false
      }
    ],
    "isTemplate": false,
    "count": 0,
    "lang": "ru",
    "updated": 0
  },
  {
    "id": "75502a81-d2ec-467a-97c4-0cd570d1efba",
    "data": [
      {
        "text": "обнимаю",
        "userDefined": false
      }
    ],
    "isTemplate": false,
    "count": 0,
    "lang": "ru",
    "updated": 0
  },
  {
    "id": "b43f8664-5917-4168-a031-f888917d33a3",
    "data": [
      {
        "text": "обними меня",
        "userDefined": false
      }
    ],
    "isTemplate": false,
    "count": 0,
    "lang": "ru",
    "updated": 0
  },
  {
    "id": "7f88c3ea-2264-4b9e-a6f4-277dcdeedada",
    "data": [
      {
        "text": "обнимешь меня",
        "userDefined": false
      }
    ],
    "isTemplate": false,
    "count": 0,
    "lang": "ru",
    "updated": 0
  },
  {
    "id": "4daef8c6-3a51-444e-855b-86f85ebff59f",
    "data": [
      {
        "text": "обнял тебя",
        "userDefined": false
      }
    ],
    "isTemplate": false,
    "count": 0,
    "lang": "ru",
    "updated": 0
  },
  {
    "id": "99e64d83-4ad4-4eae-b393-11e5ceaaab81",
    "data": [
      {
        "text": "ты меня обнимаешь",
        "userDefined": false
      }
    ],
    "isTemplate": false,
    "count": 0,
    "lang": "ru",
    "updated": 0
  },
  {
    "id": "c6f97442-dd63-44df-b042-93e445425b84",
    "data": [
      {
        "text": "обнимашки",
        "userDefined": false
      }
    ],
    "isTemplate": false,
    "count": 0,
    "lang": "ru",
    "updated": 0
  },
  {
    "id": "dd324274-84b5-48d9-90e6-3e2ec36e0889",
    "data": [
      {
        "text": "не могу тебя не обнять",
        "userDefined": false
      }
    ],
    "isTemplate": false,
    "count": 0,
    "lang": "ru",
    "updated": 0
  },
  {
    "id": "83338418-293b-4974-9120-0015162056d4",
    "data": [
      {
        "text": "обнимаю тебя",
        "userDefined": false
      }
    ],
    "isTemplate": false,
    "count": 0,
    "lang": "ru",
    "updated": 0
  },
  {
    "id": "2d32b348-4934-45a4-95a7-f66d13ee5e80",
    "data": [
      {
        "text": "хочешь моих объятий",
        "userDefined": false
      }
    ],
    "isTemplate": false,
    "count": 0,
    "lang": "ru",
    "updated": 0
  },
  {
    "id": "dd1fdb83-e311-43ad-a5b3-3e0b11c017da",
    "data": [
      {
        "text": "в объятиях",
        "userDefined": false
      }
    ],
    "isTemplate": false,
    "count": 0,
    "lang": "ru",
    "updated": 0
  },
  {
    "id": "46083076-3508-479e-91a5-4d442167c52e",
    "data": [
      {
        "text": "хочешь обниму",
        "userDefined": false
      }
    ],
    "isTemplate": false,
    "count": 0,
    "lang": "ru",
    "updated": 0
  },
  {
    "id": "4b4d1c5d-2a42-4057-9ba1-ff143c8431fd",
    "data": [
      {
        "text": "могу обнять тебя",
        "userDefined": false
      }
    ],
    "isTemplate": false,
    "count": 0,
    "lang": "ru",
    "updated": 0
  }
]